"playlist_id","track_id","position","added_at"
"pl-fs26-current","trk-edge-morning","1","2026-10-21T16:20:00-04:00"
"pl-fs26-current","trk-fill-05","2","2026-10-21T16:22:00-04:00"
"pl-fs26-current","trk-fill-09","3","2026-10-21T16:25:00-04:00"
"pl-fs25-archive","trk-afterglow-kira","1","2025-09-18T12:00:00-04:00"
"pl-fs26-oldcut","trk-afterglow-kira","1","2026-09-12T13:00:00-04:00"
"pl-fs26-oldcut","trk-afterglow-remix","2","2026-09-12T13:05:00-04:00"
"pl-fs26-oldcut","trk-edge-mornings","3","2026-09-12T13:10:00-04:00"
"pl-fill-01","trk-fill-01","1","2026-08-15T10:00:00-04:00"
"pl-fill-02","trk-fill-02","2","2026-08-15T10:00:00-04:00"
"pl-fill-03","trk-fill-03","3","2026-08-15T10:00:00-04:00"
"pl-fill-04","trk-fill-04","4","2026-08-15T10:00:00-04:00"
"pl-fill-05","trk-fill-05","5","2026-08-15T10:00:00-04:00"
"pl-fill-06","trk-fill-06","1","2026-08-15T10:00:00-04:00"
"pl-fill-07","trk-fill-07","2","2026-08-15T10:00:00-04:00"
"pl-fill-08","trk-fill-08","3","2026-08-15T10:00:00-04:00"
"pl-fill-09","trk-fill-09","4","2026-08-15T10:00:00-04:00"
"pl-fill-10","trk-fill-10","5","2026-08-15T10:00:00-04:00"
"pl-fill-11","trk-fill-11","1","2026-08-15T10:00:00-04:00"
"pl-fill-12","trk-fill-12","2","2026-08-15T10:00:00-04:00"
"pl-fill-01","trk-fill-13","3","2026-08-15T10:00:00-04:00"
"pl-fill-02","trk-fill-14","4","2026-08-15T10:00:00-04:00"
"pl-fill-03","trk-fill-15","5","2026-08-15T10:00:00-04:00"
"pl-fill-04","trk-fill-16","1","2026-08-15T10:00:00-04:00"
"pl-fill-05","trk-fill-17","2","2026-08-15T10:00:00-04:00"
"pl-fill-06","trk-fill-18","3","2026-08-15T10:00:00-04:00"
