"id","media_id","user_id","username","text","timestamp","like_count","hidden","parent_id"
"17842026001","17942026001","u-1001","readingarts","This date and time match the flyer. Cannot wait.","2026-10-26T20:15:00-04:00","18","false",""
"17842026002","17942026002","u-1002","danceparentpa","Is the public show at 6 or 7? The flyer says 7.","2026-10-28T20:05:00-04:00","22","false",""
"17842026003","17942026003","u-1003","nat.moves","This still has the old rehearsal-cut track.","2026-10-30T19:20:00-04:00","15","false",""
"17842026004","17942026008","u-1004","studio_regular","Where is the ticket link?","2026-11-06T19:10:00-05:00","9","false",""
"17842025001","17942025021","u-1010","oldstudent","Loved this last year.","2025-10-22T20:00:00-04:00","11","false",""
"17842025002","17942025022","u-1011","archivefan","Great archived performance.","2024-11-10T09:00:00-05:00","7","false",""
"17843026007","17942026023","u-1107","viewer_7","Love the movement in this post.","2026-09-15T18:00:00-04:00","7","false",""
"17843026008","17943026001","u-1108","viewer_8","Love the movement in this post.","2026-09-15T18:00:00-04:00","0","false",""
"17843026009","17943026002","u-1109","viewer_9","Love the movement in this post.","2026-09-15T18:00:00-04:00","1","false",""
"17843026010","17943026003","u-1110","viewer_10","Love the movement in this post.","2026-09-15T18:00:00-04:00","2","false",""
"17843026011","17943026004","u-1111","viewer_11","Love the movement in this post.","2026-09-15T18:00:00-04:00","3","false",""
"17843026012","17943026005","u-1112","viewer_12","Love the movement in this post.","2026-09-15T18:00:00-04:00","4","false",""
"17843026013","17943026006","u-1113","viewer_13","Love the movement in this post.","2026-09-15T18:00:00-04:00","5","false",""
"17843026014","17943026007","u-1114","viewer_14","Love the movement in this post.","2026-09-15T18:00:00-04:00","6","false",""
"17843026015","17943026008","u-1115","viewer_15","Love the movement in this post.","2026-09-15T18:00:00-04:00","7","false",""
"17843026016","17943026009","u-1116","viewer_16","Love the movement in this post.","2026-09-15T18:00:00-04:00","0","false",""
"17843026017","17943026010","u-1117","viewer_17","Love the movement in this post.","2026-09-15T18:00:00-04:00","1","false",""
"17843026018","17943026011","u-1118","viewer_18","Love the movement in this post.","2026-09-15T18:00:00-04:00","2","false",""
"17843026019","17943026012","u-1119","viewer_19","Love the movement in this post.","2026-09-15T18:00:00-04:00","3","false",""
"17843026020","17943026013","u-1120","viewer_20","Love the movement in this post.","2026-09-15T18:00:00-04:00","4","false",""
"17843026021","17943026014","u-1121","viewer_21","Love the movement in this post.","2026-09-15T18:00:00-04:00","5","false",""
"17843026022","17943026015","u-1122","viewer_22","Love the movement in this post.","2026-09-15T18:00:00-04:00","6","false",""
"17843026023","17943026016","u-1123","viewer_23","Love the movement in this post.","2026-09-15T18:00:00-04:00","7","false",""
"17843026024","17943026017","u-1124","viewer_24","Love the movement in this post.","2026-09-15T18:00:00-04:00","0","false",""
"17843026025","17943026018","u-1125","viewer_25","Love the movement in this post.","2026-09-15T18:00:00-04:00","1","false",""
"17843026026","17943026019","u-1126","viewer_26","Love the movement in this post.","2026-09-15T18:00:00-04:00","2","false",""
"17843026027","17942026001","u-1127","viewer_27","Love the movement in this post.","2026-09-15T18:00:00-04:00","3","false",""
"17843026028","17942026002","u-1128","viewer_28","Love the movement in this post.","2026-09-15T18:00:00-04:00","4","false",""
"17843026029","17942026003","u-1129","viewer_29","Love the movement in this post.","2026-09-15T18:00:00-04:00","5","false",""
"17843026030","17942026004","u-1130","viewer_30","Love the movement in this post.","2026-09-15T18:00:00-04:00","6","false",""
